vibration-sensor-1,1745289850.8469806,4.02
vibration-sensor-2,1745289850.8975537,0.35
vibration-sensor-6,1745289851.1012611,0.89
vibration-sensor-0,1745289851.3047192,2.57
vibration-sensor-1,1745289851.355423,0.54
vibration-sensor-3,1745289851.4569385,1.12
vibration-sensor-8,1745289851.7126656,2.26
vibration-sensor-9,1745289851.763571,2.78
vibration-sensor-2,1745289851.9158757,2.6
vibration-sensor-4,1745289852.0177073,2.51
vibration-sensor-6,1745289852.1193736,4.52
vibration-sensor-9,1745289852.2723887,3.23
vibration-sensor-4,1745289852.527777,2.4
vibration-sensor-5,1745289852.5788217,0.28
vibration-sensor-6,1745289852.6297083,1.66
vibration-sensor-1,1745289852.8837025,4.77
vibration-sensor-2,1745289852.93472,3.9
vibration-sensor-3,1745289852.9856308,4.37
vibration-sensor-4,1745289853.037101,1.71
vibration-sensor-5,1745289853.0879793,4.21
vibration-sensor-2,1745289853.442911,0.21
vibration-sensor-5,1745289853.5956242,3.21
vibration-sensor-6,1745289853.6461544,4.23
vibration-sensor-9,1745289853.7984972,2.77
vibration-sensor-0,1745289853.8492239,2.71
vibration-sensor-0,1745289854.3567653,2.82
vibration-sensor-1,1745289854.4074793,2.88
vibration-sensor-2,1745289854.4585276,1.14
vibration-sensor-8,1745289854.7635372,0.18
vibration-sensor-1,1745289854.9169836,1.18
vibration-sensor-2,1745289854.9677768,3.51
vibration-sensor-7,1745289855.2218258,1.03
vibration-sensor-8,1745289855.272442,0.29
vibration-sensor-4,1745289855.5777566,4.41
vibration-sensor-5,1745289855.6288705,3.33
vibration-sensor-6,1745289855.6796525,2.66
vibration-sensor-7,1745289855.7302742,4.53
vibration-sensor-9,1745289855.8316445,2.88
vibration-sensor-0,1745289855.8827045,0.48
vibration-sensor-9,1745289856.3405762,3.43
vibration-sensor-2,1745289856.4933171,3.24
vibration-sensor-6,1745289856.6981993,3.0
vibration-sensor-2,1745289857.0029776,2.72
vibration-sensor-5,1745289857.1559553,1.89
vibration-sensor-4,1745289857.61309,4.53
vibration-sensor-6,1745289857.7152002,2.64
vibration-sensor-4,1745289858.123139,0.93
vibration-sensor-6,1745289858.2246914,0.97
vibration-sensor-7,1745289858.2754793,2.83
vibration-sensor-8,1745289858.3260741,3.31
vibration-sensor-4,1745289858.6309152,0.93
vibration-sensor-5,1745289858.6814528,3.08
vibration-sensor-6,1745289858.732556,1.43
vibration-sensor-8,1745289858.8344364,3.03
vibration-sensor-1,1745289858.9871998,3.17
vibration-sensor-0,1745289859.443921,4.44
vibration-sensor-1,1745289860.004609,3.84
vibration-sensor-3,1745289860.1064696,0.92
vibration-sensor-5,1745289860.2080145,4.74
vibration-sensor-3,1745289860.6143398,0.97
vibration-sensor-4,1745289860.6652887,1.54
vibration-sensor-6,1745289860.767364,2.56
vibration-sensor-8,1745289860.8688312,1.89
humidity-sensor-4,1745289795.0739017,67.09
humidity-sensor-5,1745289795.1249626,70.55
humidity-sensor-8,1745289795.278471,64.85
humidity-sensor-9,1745289795.329115,48.05
humidity-sensor-0,1745289795.3803816,41.63
humidity-sensor-4,1745289795.5870762,65.33
humidity-sensor-8,1745289795.792455,41.16
humidity-sensor-2,1745289795.995661,36.51
humidity-sensor-3,1745289796.047494,58.37
humidity-sensor-7,1745289796.2719452,50.18
humidity-sensor-9,1745289796.3759305,34.35
humidity-sensor-2,1745289796.528139,80.43
humidity-sensor-3,1745289796.5788333,46.97
humidity-sensor-5,1745289796.680425,86.76
humidity-sensor-6,1745289796.7312543,66.33
humidity-sensor-7,1745289796.781811,37.62
humidity-sensor-1,1745289797.4943943,52.4
humidity-sensor-2,1745289797.5449698,38.24
humidity-sensor-3,1745289797.5957272,41.66
humidity-sensor-5,1745289797.6970253,35.31
humidity-sensor-8,1745289797.849362,80.51
humidity-sensor-9,1745289797.9000244,34.02
humidity-sensor-0,1745289797.9507742,67.97
humidity-sensor-5,1745289798.2044666,65.99
humidity-sensor-6,1745289798.255043,37.23
humidity-sensor-7,1745289798.3055413,43.22
humidity-sensor-2,1745289798.5602224,89.22
humidity-sensor-6,1745289798.7630384,88.8
humidity-sensor-0,1745289798.966748,37.81
humidity-sensor-2,1745289799.0681927,81.31
humidity-sensor-0,1745289799.4755147,43.89
humidity-sensor-1,1745289799.5264814,48.12
humidity-sensor-2,1745289799.5769837,33.58
humidity-sensor-6,1745289799.7802758,32.14
humidity-sensor-7,1745289799.831241,84.24
humidity-sensor-0,1745289799.9835484,56.83
humidity-sensor-4,1745289800.1871374,60.23
humidity-sensor-6,1745289800.2886121,72.41
humidity-sensor-7,1745289800.3391128,88.42
humidity-sensor-2,1745289800.5930674,61.6
humidity-sensor-3,1745289800.6436422,89.63
humidity-sensor-4,1745289800.6941302,40.22
humidity-sensor-8,1745289800.8974996,30.46
humidity-sensor-0,1745289800.9990478,44.57
humidity-sensor-4,1745289801.2023675,65.07
humidity-sensor-6,1745289801.3040714,37.93
humidity-sensor-7,1745289801.3548818,45.73
humidity-sensor-8,1745289801.4056206,64.05
humidity-sensor-0,1745289801.50778,57.72
humidity-sensor-1,1745289802.0668387,36.27
humidity-sensor-2,1745289802.1174982,38.91
humidity-sensor-3,1745289802.1683245,75.35
humidity-sensor-9,1745289802.4729865,67.01
humidity-sensor-1,1745289802.5784202,80.74
humidity-sensor-3,1745289802.6896844,84.25
humidity-sensor-5,1745289802.7915344,37.32
humidity-sensor-7,1745289802.8933637,32.38
humidity-sensor-8,1745289802.9442134,61.29
humidity-sensor-9,1745289802.9952433,65.19
humidity-sensor-2,1745289803.14799,31.19
humidity-sensor-5,1745289803.30112,45.4
humidity-sensor-1,1745289803.6067588,79.81
humidity-sensor-6,1745289803.8611622,71.92
humidity-sensor-8,1745289803.963122,69.92
humidity-sensor-0,1745289804.0649385,58.27
humidity-sensor-1,1745289804.1156468,32.61
humidity-sensor-2,1745289804.1664875,33.76
humidity-sensor-3,1745289804.2171814,40.43
humidity-sensor-4,1745289804.2680912,35.68
humidity-sensor-7,1745289804.4213147,72.84
humidity-sensor-8,1745289804.4726167,30.61
humidity-sensor-9,1745289804.5235298,62.05
humidity-sensor-5,1745289804.8281932,38.85
humidity-sensor-7,1745289804.929541,62.13
humidity-sensor-1,1745289805.132861,41.97
humidity-sensor-2,1745289805.183948,67.32
humidity-sensor-9,1745289805.5404606,36.41
humidity-sensor-1,1745289805.6423259,58.96
humidity-sensor-2,1745289805.6929607,41.52
humidity-sensor-5,1745289805.8455143,67.94
humidity-sensor-8,1745289805.9978065,34.69
humidity-sensor-1,1745289806.150664,53.3
humidity-sensor-8,1745289806.5060875,81.06
humidity-sensor-3,1745289806.7608519,34.6
humidity-sensor-3,1745289807.2697663,80.72
humidity-sensor-6,1745289807.4220388,49.1
humidity-sensor-9,1745289807.57456,82.2
humidity-sensor-5,1745289808.38959,49.01
humidity-sensor-6,1745289808.4406176,85.04
humidity-sensor-7,1745289808.4916034,88.52
humidity-sensor-9,1745289808.5936165,56.18
humidity-sensor-0,1745289808.6445696,46.83
humidity-sensor-3,1745289808.7968228,51.07
humidity-sensor-7,1745289809.0010114,53.22
temp-sensor-0,1745290554.246061,37.4
temp-sensor-1,1745290554.4196274,31.72
temp-sensor-2,1745290554.4704022,27.57
temp-sensor-3,1745290554.5211093,33.54
temp-sensor-4,1745290554.571708,27.27
temp-sensor-5,1745290554.6226478,37.58
temp-sensor-6,1745290554.6734614,28.74
temp-sensor-7,1745290554.724292,22.78
temp-sensor-8,1745290554.7751954,20.17
temp-sensor-9,1745290554.8258653,31.79
temp-sensor-0,1745290554.8764992,35.04
temp-sensor-1,1745290554.9276202,29.52
temp-sensor-2,1745290554.9785948,32.19
temp-sensor-3,1745290555.0296957,37.32
temp-sensor-4,1745290555.0803177,26.7
temp-sensor-5,1745290555.1311116,22.57
temp-sensor-6,1745290555.1819322,25.07
temp-sensor-7,1745290555.232946,32.51
temp-sensor-8,1745290555.2837389,25.9
temp-sensor-9,1745290555.3349283,26.23
temp-sensor-0,1745290555.3861299,31.5
temp-sensor-1,1745290555.437153,35.29
temp-sensor-2,1745290555.4879029,24.32
temp-sensor-3,1745290555.5389118,34.43
temp-sensor-4,1745290555.5895262,21.34
temp-sensor-5,1745290555.6405172,38.73
temp-sensor-6,1745290555.6914737,33.12
temp-sensor-7,1745290555.7426789,35.91
temp-sensor-8,1745290555.7934544,36.11
temp-sensor-9,1745290555.8440402,24.87
temp-sensor-0,1745290555.894872,26.0
temp-sensor-1,1745290555.9456687,26.52
temp-sensor-2,1745290555.9965768,36.16
temp-sensor-3,1745290556.047586,25.58
temp-sensor-4,1745290556.098462,21.0
temp-sensor-5,1745290556.1498919,34.0
temp-sensor-6,1745290556.200571,23.22
temp-sensor-7,1745290556.2513294,35.94
temp-sensor-8,1745290556.301903,37.37
temp-sensor-9,1745290556.3527107,26.23
temp-sensor-0,1745290556.4035444,26.87
temp-sensor-1,1745290556.454235,38.8
temp-sensor-2,1745290556.5053203,24.98
temp-sensor-3,1745290556.5562766,37.72
temp-sensor-4,1745290556.6070096,20.39
temp-sensor-5,1745290556.6605408,20.13
temp-sensor-6,1745290556.711817,33.27
temp-sensor-7,1745290556.7631495,25.51
temp-sensor-8,1745290556.8139496,32.61
temp-sensor-9,1745290556.8649898,39.55
temp-sensor-0,1745290556.9158757,29.06
temp-sensor-1,1745290556.9668038,37.72
temp-sensor-2,1745290557.0175972,35.15
temp-sensor-3,1745290557.0683866,26.96
temp-sensor-4,1745290557.1196249,35.21
temp-sensor-5,1745290557.1702402,38.64
temp-sensor-6,1745290557.2209816,21.77
temp-sensor-7,1745290557.271524,24.19
temp-sensor-8,1745290557.32239,21.91
temp-sensor-9,1745290557.373306,29.2
temp-sensor-0,1745290557.4240844,39.97
temp-sensor-1,1745290557.4750652,33.52
temp-sensor-2,1745290557.5261755,28.6
temp-sensor-3,1745290557.577003,20.41
temp-sensor-4,1745290557.62797,28.78
temp-sensor-5,1745290557.6789253,22.97
temp-sensor-6,1745290557.7301707,28.74
temp-sensor-7,1745290557.7812448,20.13
temp-sensor-8,1745290557.8324544,24.18
temp-sensor-9,1745290557.8836732,39.76
temp-sensor-0,1745290557.934662,28.53
temp-sensor-1,1745290557.9854157,23.91
temp-sensor-2,1745290558.0378978,20.58
temp-sensor-3,1745290558.0893457,21.21
temp-sensor-4,1745290558.1401408,32.93
temp-sensor-5,1745290558.1911705,28.83
temp-sensor-6,1745290558.2422214,21.34
temp-sensor-7,1745290558.2927597,28.76
temp-sensor-8,1745290558.343378,29.89
temp-sensor-9,1745290558.3942354,27.14
temp-sensor-0,1745290558.4451375,26.09
temp-sensor-1,1745290558.4962008,26.81
temp-sensor-2,1745290558.5469804,33.58
temp-sensor-3,1745290558.5977154,20.62
temp-sensor-4,1745290558.6485772,39.04
temp-sensor-5,1745290558.6994958,26.3
temp-sensor-6,1745290558.7504537,39.01
temp-sensor-7,1745290558.801486,23.33
temp-sensor-8,1745290558.8522573,38.43
temp-sensor-9,1745290558.903278,32.39
temp-sensor-0,1745290558.9540043,36.21
temp-sensor-1,1745290559.0047688,34.34
temp-sensor-2,1745290559.0557373,27.76
temp-sensor-3,1745290559.1067548,38.12
temp-sensor-4,1745290559.1572678,24.24
temp-sensor-5,1745290559.2078888,29.06
temp-sensor-6,1745290559.2592227,38.21
temp-sensor-7,1745290559.310451,34.51
temp-sensor-8,1745290559.3611898,39.87
temp-sensor-9,1745290559.4124846,28.87
humidity-sensor-0,1745290559.790787,47.2
humidity-sensor-1,1745290559.9494262,89.83
humidity-sensor-2,1745290560.0001497,51.88
humidity-sensor-3,1745290560.0508368,44.47
humidity-sensor-4,1745290560.1016104,38.99
humidity-sensor-5,1745290560.1522136,35.85
humidity-sensor-6,1745290560.2032182,41.85
humidity-sensor-7,1745290560.254117,84.79
humidity-sensor-8,1745290560.3050723,45.54
humidity-sensor-9,1745290560.3559017,59.74
humidity-sensor-0,1745290560.4066105,32.87
humidity-sensor-1,1745290560.4573426,73.44
humidity-sensor-2,1745290560.5079253,57.2
humidity-sensor-3,1745290560.5584643,49.43
humidity-sensor-4,1745290560.609052,57.96
humidity-sensor-5,1745290560.6597574,82.59
humidity-sensor-6,1745290560.7110066,86.47
humidity-sensor-7,1745290560.7620466,40.68
humidity-sensor-8,1745290560.814588,37.69
humidity-sensor-9,1745290560.8673782,48.49
humidity-sensor-0,1745290560.9179716,71.33
humidity-sensor-1,1745290560.968789,52.0
humidity-sensor-2,1745290561.0198605,56.15
humidity-sensor-3,1745290561.0703585,66.26
humidity-sensor-4,1745290561.1212373,56.61
humidity-sensor-5,1745290561.17228,57.2
humidity-sensor-6,1745290561.2231257,79.48
humidity-sensor-7,1745290561.2738233,81.24
humidity-sensor-8,1745290561.324836,60.51
humidity-sensor-9,1745290561.376134,38.57
humidity-sensor-0,1745290561.4268992,63.99
humidity-sensor-1,1745290561.4776688,54.76
humidity-sensor-2,1745290561.5286124,50.47
humidity-sensor-3,1745290561.5796351,54.19
humidity-sensor-4,1745290561.6301997,67.56
humidity-sensor-5,1745290561.6809077,56.91
humidity-sensor-6,1745290561.73194,41.93
humidity-sensor-7,1745290561.782753,85.97
humidity-sensor-8,1745290561.833659,87.2
humidity-sensor-9,1745290561.8843415,48.03
humidity-sensor-0,1745290561.9353228,71.99
humidity-sensor-1,1745290561.9860446,87.98
humidity-sensor-2,1745290562.0371063,60.79
humidity-sensor-3,1745290562.088628,47.47
humidity-sensor-4,1745290562.1392107,60.12
humidity-sensor-5,1745290562.1902232,71.6
humidity-sensor-6,1745290562.2412212,81.77
humidity-sensor-7,1745290562.292064,49.85
humidity-sensor-8,1745290562.3427088,45.22
humidity-sensor-9,1745290562.3934286,50.3
humidity-sensor-0,1745290562.4443054,52.19
humidity-sensor-1,1745290562.494871,36.81
humidity-sensor-2,1745290562.5456,82.1
humidity-sensor-3,1745290562.5961838,57.92
humidity-sensor-4,1745290562.6472726,54.66
humidity-sensor-5,1745290562.6981933,40.49
humidity-sensor-6,1745290562.7490501,49.39
humidity-sensor-7,1745290562.7998958,76.93
humidity-sensor-8,1745290562.8509665,59.17
humidity-sensor-9,1745290562.901903,44.02
humidity-sensor-0,1745290562.9525802,50.01
humidity-sensor-1,1745290563.0035145,83.29
humidity-sensor-2,1745290563.054125,70.26
humidity-sensor-3,1745290563.1046684,85.07
humidity-sensor-4,1745290563.1558125,89.53
humidity-sensor-5,1745290563.2065346,86.67
humidity-sensor-6,1745290563.2573621,76.38
humidity-sensor-7,1745290563.3082771,71.61
humidity-sensor-8,1745290563.3590026,72.52
humidity-sensor-9,1745290563.409663,35.39
humidity-sensor-0,1745290563.4605258,48.79
humidity-sensor-1,1745290563.511559,73.03
humidity-sensor-2,1745290563.562591,50.7
humidity-sensor-3,1745290563.613523,84.85
humidity-sensor-4,1745290563.6642745,34.53
humidity-sensor-5,1745290563.7151647,33.3
humidity-sensor-6,1745290563.7661629,87.69
humidity-sensor-7,1745290563.817139,41.54
humidity-sensor-8,1745290563.8678586,54.56
humidity-sensor-9,1745290563.9188366,71.25
humidity-sensor-0,1745290563.9698055,45.05
humidity-sensor-1,1745290564.0205526,51.73
humidity-sensor-2,1745290564.0712385,66.67
humidity-sensor-3,1745290564.1218932,72.28
humidity-sensor-4,1745290564.1726327,34.08
humidity-sensor-5,1745290564.2235034,47.46
humidity-sensor-6,1745290564.2741494,87.28
humidity-sensor-7,1745290564.3250425,50.45
humidity-sensor-8,1745290564.3758357,82.4
humidity-sensor-9,1745290564.4264467,73.19
humidity-sensor-0,1745290564.477861,72.06
humidity-sensor-1,1745290564.5287027,85.51
humidity-sensor-2,1745290564.5794268,72.99
humidity-sensor-3,1745290564.6303878,47.45
humidity-sensor-4,1745290564.6811564,63.15
humidity-sensor-5,1745290564.7318532,57.21
humidity-sensor-6,1745290564.7824411,71.34
humidity-sensor-7,1745290564.8331652,66.66
humidity-sensor-8,1745290564.883889,44.31
humidity-sensor-9,1745290564.9348915,44.35
vibration-sensor-0,1745290565.3288994,3.65
vibration-sensor-1,1745290565.4954913,4.91
vibration-sensor-2,1745290565.5460455,4.2
vibration-sensor-3,1745290565.59739,3.07
vibration-sensor-4,1745290565.6482153,3.95
vibration-sensor-5,1745290565.6991632,3.16
vibration-sensor-6,1745290565.750089,4.9
vibration-sensor-7,1745290565.8007076,1.19
vibration-sensor-8,1745290565.851625,1.11
vibration-sensor-9,1745290565.9025724,0.91
vibration-sensor-0,1745290565.9534373,3.57
vibration-sensor-1,1745290566.0044599,1.58
vibration-sensor-2,1745290566.0553894,1.69
vibration-sensor-3,1745290566.1061018,2.86
vibration-sensor-4,1745290566.1567585,2.35
vibration-sensor-5,1745290566.2075021,2.35
vibration-sensor-6,1745290566.2582514,4.25
vibration-sensor-7,1745290566.3089457,2.02
vibration-sensor-8,1745290566.3596892,4.75
vibration-sensor-9,1745290566.410363,2.83
vibration-sensor-0,1745290566.4612942,0.51
vibration-sensor-1,1745290566.5123343,2.22
vibration-sensor-2,1745290566.56339,2.55
vibration-sensor-3,1745290566.6144495,3.25
vibration-sensor-4,1745290566.6656437,2.93
vibration-sensor-5,1745290566.7168741,2.08
vibration-sensor-6,1745290566.7684817,1.84
vibration-sensor-7,1745290566.8192024,2.94
vibration-sensor-8,1745290566.8700523,1.01
vibration-sensor-9,1745290566.9210176,3.79
vibration-sensor-0,1745290566.9717765,1.87
vibration-sensor-1,1745290567.0227363,3.18
vibration-sensor-2,1745290567.073372,0.29
vibration-sensor-3,1745290567.1243932,0.26
vibration-sensor-4,1745290567.1756122,4.09
vibration-sensor-5,1745290567.2263339,3.83
vibration-sensor-6,1745290567.277404,2.16
vibration-sensor-7,1745290567.328437,2.78
vibration-sensor-8,1745290567.379854,3.56
vibration-sensor-9,1745290567.4303935,1.31
vibration-sensor-0,1745290567.4817338,2.08
vibration-sensor-1,1745290567.5327287,1.1
vibration-sensor-2,1745290567.583751,4.97
vibration-sensor-3,1745290567.634542,1.62
vibration-sensor-4,1745290567.6857314,3.46
vibration-sensor-5,1745290567.7367685,2.68
vibration-sensor-6,1745290567.7876105,1.18
vibration-sensor-7,1745290567.838483,4.16
vibration-sensor-8,1745290567.889449,4.92
vibration-sensor-9,1745290567.9404566,2.42
vibration-sensor-0,1745290567.9914222,3.44
vibration-sensor-1,1745290568.0427096,3.45
vibration-sensor-2,1745290568.093643,1.14
vibration-sensor-3,1745290568.1443691,3.24
vibration-sensor-4,1745290568.195086,1.9
vibration-sensor-5,1745290568.2459204,2.1
vibration-sensor-6,1745290568.296662,4.67
vibration-sensor-7,1745290568.347965,2.15
vibration-sensor-8,1745290568.398944,4.52
vibration-sensor-9,1745290568.4499059,3.44
vibration-sensor-0,1745290568.5007231,3.54
vibration-sensor-1,1745290568.5512927,1.83
vibration-sensor-2,1745290568.6021774,3.93
vibration-sensor-3,1745290568.6531749,2.67
vibration-sensor-4,1745290568.7039475,4.19
vibration-sensor-5,1745290568.7559967,2.28
vibration-sensor-6,1745290568.8064723,0.24
vibration-sensor-7,1745290568.8572133,3.2
vibration-sensor-8,1745290568.9082122,4.18
vibration-sensor-9,1745290568.9590096,4.02
vibration-sensor-0,1745290569.0101092,4.25
vibration-sensor-1,1745290569.0610142,3.67
vibration-sensor-2,1745290569.112225,2.87
vibration-sensor-3,1745290569.163001,0.12
vibration-sensor-4,1745290569.2137084,0.49
vibration-sensor-5,1745290569.2649014,2.36
vibration-sensor-6,1745290569.3156374,4.31
vibration-sensor-7,1745290569.366539,4.34
vibration-sensor-8,1745290569.4177442,3.34
vibration-sensor-9,1745290569.468446,3.64
vibration-sensor-0,1745290569.5194342,2.08
vibration-sensor-1,1745290569.5703716,2.3
vibration-sensor-2,1745290569.6211643,2.68
vibration-sensor-3,1745290569.6721573,3.87
vibration-sensor-4,1745290569.7229671,1.78
vibration-sensor-5,1745290569.773795,4.29
vibration-sensor-6,1745290569.8246522,3.82
vibration-sensor-7,1745290569.8752935,3.53
vibration-sensor-8,1745290569.9260933,1.1
vibration-sensor-9,1745290569.9771397,0.7
vibration-sensor-0,1745290570.0281792,2.67
vibration-sensor-1,1745290570.0789208,1.97
vibration-sensor-2,1745290570.1296453,4.29
vibration-sensor-3,1745290570.1807506,0.52
vibration-sensor-4,1745290570.2323275,1.39
vibration-sensor-5,1745290570.2834437,3.16
vibration-sensor-6,1745290570.334638,4.23
vibration-sensor-7,1745290570.3852937,2.79
vibration-sensor-8,1745290570.435915,2.54
vibration-sensor-9,1745290570.4868486,4.48
temp-sensor-0,1745291324.5547113,39.45
temp-sensor-1,1745291324.7255204,28.12
temp-sensor-2,1745291324.7763808,22.39
temp-sensor-3,1745291324.82694,32.25
temp-sensor-4,1745291324.877942,32.01
temp-sensor-5,1745291324.9288902,20.54
temp-sensor-6,1745291324.9795218,36.81
temp-sensor-7,1745291325.030418,31.34
temp-sensor-8,1745291325.0810027,21.56
temp-sensor-9,1745291325.1318493,20.31
temp-sensor-0,1745291325.182829,38.2
temp-sensor-1,1745291325.2336063,31.74
temp-sensor-2,1745291325.2843983,30.86
temp-sensor-3,1745291325.3350248,26.76
temp-sensor-4,1745291325.385843,30.53
temp-sensor-5,1745291325.4364142,22.08
temp-sensor-6,1745291325.487072,27.02
temp-sensor-7,1745291325.5377748,30.05
temp-sensor-8,1745291325.5886242,24.75
temp-sensor-9,1745291325.63918,30.28
temp-sensor-0,1745291325.6897974,26.11
temp-sensor-1,1745291325.7403915,25.01
temp-sensor-2,1745291325.7910283,32.45
temp-sensor-3,1745291325.8419755,21.9
temp-sensor-4,1745291325.8928852,36.96
temp-sensor-5,1745291325.9436958,28.82
temp-sensor-6,1745291325.9944139,37.91
temp-sensor-7,1745291326.0449996,24.7
temp-sensor-8,1745291326.0956502,25.13
temp-sensor-9,1745291326.1465218,30.55
temp-sensor-0,1745291326.197223,27.45
temp-sensor-1,1745291326.2479062,24.64
temp-sensor-2,1745291326.2985857,31.86
temp-sensor-3,1745291326.3496377,31.24
temp-sensor-4,1745291326.4005504,34.71
temp-sensor-5,1745291326.4515278,34.81
temp-sensor-6,1745291326.5022967,35.37
temp-sensor-7,1745291326.5529861,38.9
temp-sensor-8,1745291326.6036313,32.93
temp-sensor-9,1745291326.654378,21.1
temp-sensor-0,1745291326.704952,33.98
temp-sensor-1,1745291326.755688,31.34
temp-sensor-2,1745291326.806319,28.72
temp-sensor-3,1745291326.8573627,23.45
temp-sensor-4,1745291326.9080553,33.35
temp-sensor-5,1745291326.958931,26.01
temp-sensor-6,1745291327.0094442,23.4
temp-sensor-7,1745291327.0598857,22.69
temp-sensor-8,1745291327.1106691,36.03
temp-sensor-9,1745291327.1615183,28.13
temp-sensor-0,1745291327.2122996,35.11
temp-sensor-1,1745291327.26301,38.52
temp-sensor-2,1745291327.3138223,30.7
temp-sensor-3,1745291327.3646698,34.81
temp-sensor-4,1745291327.4156764,20.34
temp-sensor-5,1745291327.4668455,37.22
temp-sensor-6,1745291327.5177667,30.08
temp-sensor-7,1745291327.5684896,25.7
temp-sensor-8,1745291327.619103,30.31
temp-sensor-9,1745291327.6697776,23.52
temp-sensor-0,1745291327.7211707,30.18
temp-sensor-1,1745291327.7725196,32.62
temp-sensor-2,1745291327.8233566,30.35
temp-sensor-3,1745291327.8739703,33.21
temp-sensor-4,1745291327.9246602,33.68
temp-sensor-5,1745291327.9752755,32.92
temp-sensor-6,1745291328.0260055,26.85
temp-sensor-7,1745291328.0766423,27.23
temp-sensor-8,1745291328.1273468,28.11
temp-sensor-9,1745291328.1780457,29.35
temp-sensor-0,1745291328.2288783,33.34
temp-sensor-1,1745291328.279461,35.32
temp-sensor-2,1745291328.330111,35.65
temp-sensor-3,1745291328.3806453,38.41
temp-sensor-4,1745291328.4316275,35.3
temp-sensor-5,1745291328.4825847,29.39
temp-sensor-6,1745291328.5333283,32.89
temp-sensor-7,1745291328.584048,22.57
temp-sensor-8,1745291328.6353252,30.78
temp-sensor-9,1745291328.6862955,21.65
temp-sensor-0,1745291328.7373888,36.32
temp-sensor-1,1745291328.7879708,21.84
temp-sensor-2,1745291328.8388875,25.99
temp-sensor-3,1745291328.889739,33.12
temp-sensor-4,1745291328.940523,30.54
temp-sensor-5,1745291328.9911008,27.13
temp-sensor-6,1745291329.0416512,33.75
temp-sensor-7,1745291329.0923095,32.71
temp-sensor-8,1745291329.1432507,29.61
temp-sensor-9,1745291329.1939056,36.35
temp-sensor-0,1745291329.2444701,37.24
temp-sensor-1,1745291329.2955704,26.94
temp-sensor-2,1745291329.3463345,22.72
temp-sensor-3,1745291329.397067,36.81
temp-sensor-4,1745291329.4476562,28.13
temp-sensor-5,1745291329.4981992,33.71
temp-sensor-6,1745291329.549263,36.08
temp-sensor-7,1745291329.6002252,39.51
temp-sensor-8,1745291329.6510208,38.13
temp-sensor-9,1745291329.7016249,30.65
humidity-sensor-0,1745291330.0704756,48.78
humidity-sensor-1,1745291330.2528586,48.46
humidity-sensor-2,1745291330.303732,80.13
humidity-sensor-3,1745291330.3547883,64.21
humidity-sensor-4,1745291330.4055579,65.42
humidity-sensor-5,1745291330.456517,59.78
humidity-sensor-6,1745291330.50719,56.14
humidity-sensor-7,1745291330.557666,65.68
humidity-sensor-8,1745291330.608415,74.13
humidity-sensor-9,1745291330.6590393,65.13
humidity-sensor-0,1745291330.7098596,37.66
humidity-sensor-1,1745291330.7607274,55.77
humidity-sensor-2,1745291330.811701,62.93
humidity-sensor-3,1745291330.862676,34.42
humidity-sensor-4,1745291330.9133842,48.86
humidity-sensor-5,1745291330.964286,57.6
humidity-sensor-6,1745291331.0151215,78.16
humidity-sensor-7,1745291331.0660915,80.54
humidity-sensor-8,1745291331.1167343,45.68
humidity-sensor-9,1745291331.16734,79.17
humidity-sensor-0,1745291331.218103,59.76
humidity-sensor-1,1745291331.2691913,75.41
humidity-sensor-2,1745291331.3199673,36.7
humidity-sensor-3,1745291331.3707955,72.8
humidity-sensor-4,1745291331.4218688,76.69
humidity-sensor-5,1745291331.4724934,83.39
humidity-sensor-6,1745291331.5237877,41.58
humidity-sensor-7,1745291331.5747597,30.71
humidity-sensor-8,1745291331.6256948,63.95
humidity-sensor-9,1745291331.6765625,80.81
humidity-sensor-0,1745291331.7275596,77.77
humidity-sensor-1,1745291331.778745,74.18
humidity-sensor-2,1745291331.8296921,52.01
humidity-sensor-3,1745291331.8804238,30.16
humidity-sensor-4,1745291331.9316957,52.88
humidity-sensor-5,1745291331.9826748,61.04
humidity-sensor-6,1745291332.0335567,85.3
humidity-sensor-7,1745291332.0843596,86.4
humidity-sensor-8,1745291332.1348507,57.97
humidity-sensor-9,1745291332.1857092,50.16
humidity-sensor-0,1745291332.236357,51.14
humidity-sensor-1,1745291332.2872207,61.02
humidity-sensor-2,1745291332.3380961,83.0
humidity-sensor-3,1745291332.3890297,65.34
humidity-sensor-4,1745291332.4396222,55.62
humidity-sensor-5,1745291332.490133,70.84
humidity-sensor-6,1745291332.5409613,82.52
humidity-sensor-7,1745291332.5919805,79.4
humidity-sensor-8,1745291332.6425855,42.62
humidity-sensor-9,1745291332.6931767,61.05
humidity-sensor-0,1745291332.7438326,50.45
humidity-sensor-1,1745291332.7950318,46.55
humidity-sensor-2,1745291332.845941,85.6
humidity-sensor-3,1745291332.8966465,47.11
humidity-sensor-4,1745291332.9475958,58.94
humidity-sensor-5,1745291332.998545,62.04
humidity-sensor-6,1745291333.04945,37.11
humidity-sensor-7,1745291333.1002402,62.23
humidity-sensor-8,1745291333.1509228,78.07
humidity-sensor-9,1745291333.2018995,49.45
humidity-sensor-0,1745291333.253231,68.36
humidity-sensor-1,1745291333.3042657,63.75
humidity-sensor-2,1745291333.3553388,88.87
humidity-sensor-3,1745291333.405983,38.7
humidity-sensor-4,1745291333.4566703,81.23
humidity-sensor-5,1745291333.5072389,44.13
humidity-sensor-6,1745291333.5582924,35.15
humidity-sensor-7,1745291333.6090949,50.39
humidity-sensor-8,1745291333.65963,72.47
humidity-sensor-9,1745291333.7104228,70.33
humidity-sensor-0,1745291333.761277,47.62
humidity-sensor-1,1745291333.8124511,49.64
humidity-sensor-2,1745291333.8634095,65.48
humidity-sensor-3,1745291333.9142354,45.84
humidity-sensor-4,1745291333.9651597,31.51
humidity-sensor-5,1745291334.0160463,81.95
humidity-sensor-6,1745291334.066981,41.88
humidity-sensor-7,1745291334.1176975,37.6
humidity-sensor-8,1745291334.1686325,59.32
humidity-sensor-9,1745291334.2191918,53.11
humidity-sensor-0,1745291334.2699451,33.59
humidity-sensor-1,1745291334.3207872,46.34
humidity-sensor-2,1745291334.3715186,78.09
humidity-sensor-3,1745291334.4220998,72.94
humidity-sensor-4,1745291334.472902,37.59
humidity-sensor-5,1745291334.523654,34.54
humidity-sensor-6,1745291334.574427,54.42
humidity-sensor-7,1745291334.625143,53.83
humidity-sensor-8,1745291334.676075,77.77
humidity-sensor-9,1745291334.7270503,49.92
humidity-sensor-0,1745291334.7780704,87.71
humidity-sensor-1,1745291334.8289735,35.79
humidity-sensor-2,1745291334.8796902,69.05
humidity-sensor-3,1745291334.9305158,40.23
humidity-sensor-4,1745291334.981038,30.59
humidity-sensor-5,1745291335.0319393,72.8
humidity-sensor-6,1745291335.082645,34.98
humidity-sensor-7,1745291335.1335168,73.83
humidity-sensor-8,1745291335.184444,76.93
humidity-sensor-9,1745291335.2353644,46.33
vibration-sensor-0,1745291335.6034415,0.76
vibration-sensor-1,1745291335.773073,3.36
vibration-sensor-2,1745291335.8237033,4.29
vibration-sensor-3,1745291335.8745868,3.53
vibration-sensor-4,1745291335.925308,0.17
vibration-sensor-5,1745291335.976021,4.26
vibration-sensor-6,1745291336.026848,0.49
vibration-sensor-7,1745291336.0775907,4.8
vibration-sensor-8,1745291336.128322,0.67
vibration-sensor-9,1745291336.1789813,3.17
vibration-sensor-0,1745291336.2295961,1.75
vibration-sensor-1,1745291336.2800982,4.71
vibration-sensor-2,1745291336.3311517,0.41
vibration-sensor-3,1745291336.3818333,3.39
vibration-sensor-4,1745291336.4328766,2.57
vibration-sensor-5,1745291336.48368,2.82
vibration-sensor-6,1745291336.534722,2.4
vibration-sensor-7,1745291336.5854313,2.53
vibration-sensor-8,1745291336.6364636,1.26
vibration-sensor-9,1745291336.6874008,2.88
vibration-sensor-0,1745291336.7381995,4.79
vibration-sensor-1,1745291336.7890158,2.33
vibration-sensor-2,1745291336.8397012,1.99
vibration-sensor-3,1745291336.8902736,0.8
vibration-sensor-4,1745291336.9410877,4.34
vibration-sensor-5,1745291336.9917831,0.92
vibration-sensor-6,1745291337.0427291,1.83
vibration-sensor-7,1745291337.093835,3.41
vibration-sensor-8,1745291337.1444397,3.88
vibration-sensor-9,1745291337.195384,2.0
vibration-sensor-0,1745291337.2460344,0.58
vibration-sensor-1,1745291337.2966988,0.55
vibration-sensor-2,1745291337.3476026,0.92
vibration-sensor-3,1745291337.3982975,4.45
vibration-sensor-4,1745291337.4493399,2.05
vibration-sensor-5,1745291337.50037,3.57
vibration-sensor-6,1745291337.5511913,1.86
vibration-sensor-7,1745291337.6021166,2.71
vibration-sensor-8,1745291337.6529572,1.24
vibration-sensor-9,1745291337.703887,0.29
vibration-sensor-0,1745291337.754779,1.04
vibration-sensor-1,1745291337.8057926,3.13
vibration-sensor-2,1745291337.8567324,0.8
vibration-sensor-3,1745291337.907558,2.94
vibration-sensor-4,1745291337.9581974,0.6
vibration-sensor-5,1745291338.0092113,4.42
vibration-sensor-6,1745291338.0601368,3.07
vibration-sensor-7,1745291338.1110835,3.91
vibration-sensor-8,1745291338.1619904,1.73
vibration-sensor-9,1745291338.213068,0.84
vibration-sensor-0,1745291338.263975,4.51
vibration-sensor-1,1745291338.3149245,2.86
vibration-sensor-2,1745291338.3658378,3.57
vibration-sensor-3,1745291338.416584,2.44
vibration-sensor-4,1745291338.4675047,1.52
vibration-sensor-5,1745291338.518499,1.45
vibration-sensor-6,1745291338.5695295,4.49
vibration-sensor-7,1745291338.6204205,0.39
vibration-sensor-8,1745291338.6714163,3.35
vibration-sensor-9,1745291338.7224782,1.99
vibration-sensor-0,1745291338.773028,2.58
vibration-sensor-1,1745291338.8239954,2.66
vibration-sensor-2,1745291338.874969,1.01
vibration-sensor-3,1745291338.9258773,4.24
vibration-sensor-4,1745291338.9767306,1.22
vibration-sensor-5,1745291339.0274992,2.22
vibration-sensor-6,1745291339.0781744,4.93
vibration-sensor-7,1745291339.1288455,0.78
vibration-sensor-8,1745291339.179747,2.88
vibration-sensor-9,1745291339.2305007,1.29
vibration-sensor-0,1745291339.2812703,1.09
vibration-sensor-1,1745291339.3319926,0.95
vibration-sensor-2,1745291339.382758,1.93
vibration-sensor-3,1745291339.4337807,1.28
vibration-sensor-4,1745291339.4843266,0.44
vibration-sensor-5,1745291339.535017,2.21
vibration-sensor-6,1745291339.5858648,4.38
vibration-sensor-7,1745291339.6366744,2.12
vibration-sensor-8,1745291339.6883488,0.15
vibration-sensor-9,1745291339.7391436,0.31
vibration-sensor-0,1745291339.7897456,2.82
vibration-sensor-1,1745291339.8402407,0.25
vibration-sensor-2,1745291339.8907552,2.64
vibration-sensor-3,1745291339.941431,4.74
vibration-sensor-4,1745291339.9919207,2.6
vibration-sensor-5,1745291340.04291,1.97
vibration-sensor-6,1745291340.0934482,1.52
vibration-sensor-7,1745291340.1443365,0.85
vibration-sensor-8,1745291340.1950922,1.14
vibration-sensor-9,1745291340.2459772,4.58
vibration-sensor-0,1745291340.2969,0.27
vibration-sensor-1,1745291340.3475912,3.56
vibration-sensor-2,1745291340.3983831,0.92
vibration-sensor-3,1745291340.449124,0.86
vibration-sensor-4,1745291340.4999757,4.75
vibration-sensor-5,1745291340.5504687,0.34
vibration-sensor-6,1745291340.601358,4.4
vibration-sensor-7,1745291340.6519506,0.29
vibration-sensor-8,1745291340.7027776,0.4
vibration-sensor-9,1745291340.7533906,1.04
temp-sensor-0,1745291357.2545342,33.8
temp-sensor-1,1745291357.4174068,29.77
temp-sensor-2,1745291357.468162,35.11
temp-sensor-3,1745291357.5190923,31.64
temp-sensor-4,1745291357.5699294,20.22
temp-sensor-5,1745291357.6205842,21.25
temp-sensor-6,1745291357.6710846,32.4
temp-sensor-7,1745291357.721964,22.4
temp-sensor-8,1745291357.7728758,28.98
temp-sensor-9,1745291357.823741,20.9
temp-sensor-0,1745291357.8746974,34.28
temp-sensor-1,1745291357.9256513,39.99
temp-sensor-2,1745291357.976368,38.84
temp-sensor-3,1745291358.0269108,31.5
temp-sensor-4,1745291358.0776207,24.52
temp-sensor-5,1745291358.1282463,31.54
temp-sensor-6,1745291358.1791806,34.44
temp-sensor-7,1745291358.2299178,20.98
temp-sensor-8,1745291358.2807834,39.76
temp-sensor-9,1745291358.3317585,23.45
temp-sensor-0,1745291358.3824146,23.55
temp-sensor-1,1745291358.4333658,24.14
temp-sensor-2,1745291358.4844015,30.11
temp-sensor-3,1745291358.5352693,23.89
temp-sensor-4,1745291358.585786,36.33
temp-sensor-5,1745291358.6364086,29.69
temp-sensor-6,1745291358.687333,36.51
temp-sensor-7,1745291358.7383385,38.35
temp-sensor-8,1745291358.789383,28.78
temp-sensor-9,1745291358.840398,35.06
temp-sensor-0,1745291358.8916976,22.04
temp-sensor-1,1745291358.9424214,33.35
temp-sensor-2,1745291358.9932506,33.45
temp-sensor-3,1745291359.0441074,36.45
temp-sensor-4,1745291359.094948,34.63
temp-sensor-5,1745291359.1455357,35.73
temp-sensor-6,1745291359.1962168,39.17
temp-sensor-7,1745291359.2468193,26.23
temp-sensor-8,1745291359.2978415,25.22
temp-sensor-9,1745291359.3487318,22.44
temp-sensor-0,1745291359.3997748,32.77
temp-sensor-1,1745291359.4510155,28.7
temp-sensor-2,1745291359.5020814,25.21
temp-sensor-3,1745291359.5528667,30.76
temp-sensor-4,1745291359.6034367,25.19
temp-sensor-5,1745291359.6542826,30.63
temp-sensor-6,1745291359.7052174,34.9
temp-sensor-7,1745291359.7561007,33.29
temp-sensor-8,1745291359.8069332,24.85
temp-sensor-9,1745291359.8577116,39.18
temp-sensor-0,1745291359.9084294,20.25
temp-sensor-1,1745291359.9591196,21.47
temp-sensor-2,1745291360.0097125,26.77
temp-sensor-3,1745291360.0606523,25.83
temp-sensor-4,1745291360.1116934,24.1
temp-sensor-5,1745291360.1622996,21.49
temp-sensor-6,1745291360.2133703,34.64
temp-sensor-7,1745291360.2642472,32.97
temp-sensor-8,1745291360.3152452,38.41
temp-sensor-9,1745291360.366247,20.96
temp-sensor-0,1745291360.4173205,32.33
temp-sensor-1,1745291360.4683247,39.53
temp-sensor-2,1745291360.5191226,20.49
temp-sensor-3,1745291360.569746,31.86
temp-sensor-4,1745291360.620599,20.52
temp-sensor-5,1745291360.6716597,22.84
temp-sensor-6,1745291360.7225804,28.37
temp-sensor-7,1745291360.773186,23.69
temp-sensor-8,1745291360.8242683,36.23
temp-sensor-9,1745291360.8748622,30.79
temp-sensor-0,1745291360.9255233,39.82
temp-sensor-1,1745291360.9765923,22.0
temp-sensor-2,1745291361.0273087,31.06
temp-sensor-3,1745291361.0782514,24.67
temp-sensor-4,1745291361.1294227,38.82
temp-sensor-5,1745291361.180101,36.36
temp-sensor-6,1745291361.2308106,30.23
temp-sensor-7,1745291361.2816634,38.7
temp-sensor-8,1745291361.3325589,36.11
temp-sensor-9,1745291361.3837156,30.63
temp-sensor-0,1745291361.4347548,34.27
temp-sensor-1,1745291361.4854877,30.81
temp-sensor-2,1745291361.5359876,29.34
temp-sensor-3,1745291361.5868554,31.9
temp-sensor-4,1745291361.637721,38.86
temp-sensor-5,1745291361.6890004,39.63
temp-sensor-6,1745291361.7399917,39.59
temp-sensor-7,1745291361.7909672,39.32
temp-sensor-8,1745291361.8418036,38.35
temp-sensor-9,1745291361.8926938,22.33
temp-sensor-0,1745291361.9436142,21.52
temp-sensor-1,1745291361.9943647,36.01
temp-sensor-2,1745291362.045318,30.72
temp-sensor-3,1745291362.0961385,37.47
temp-sensor-4,1745291362.1467125,30.59
temp-sensor-5,1745291362.197756,23.37
temp-sensor-6,1745291362.2488415,30.88
temp-sensor-7,1745291362.2996316,24.68
temp-sensor-8,1745291362.350183,29.98
temp-sensor-9,1745291362.4009604,23.42
humidity-sensor-0,1745291362.764234,38.32
humidity-sensor-1,1745291362.9364617,68.71
humidity-sensor-2,1745291362.987258,36.23
humidity-sensor-3,1745291363.0378437,40.66
humidity-sensor-4,1745291363.088649,48.28
humidity-sensor-5,1745291363.1393273,86.34
humidity-sensor-6,1745291363.1901882,48.38
humidity-sensor-7,1745291363.241454,58.79
humidity-sensor-8,1745291363.29254,58.75
humidity-sensor-9,1745291363.343349,73.7
humidity-sensor-0,1745291363.3938868,72.76
humidity-sensor-1,1745291363.4445264,82.58
humidity-sensor-2,1745291363.495111,84.45
humidity-sensor-3,1745291363.545713,87.99
humidity-sensor-4,1745291363.5968611,83.5
humidity-sensor-5,1745291363.647734,63.77
humidity-sensor-6,1745291363.6985536,82.06
humidity-sensor-7,1745291363.749991,40.06
humidity-sensor-8,1745291363.8007185,39.21
humidity-sensor-9,1745291363.8516166,65.01
humidity-sensor-0,1745291363.9026089,74.66
humidity-sensor-1,1745291363.9536397,48.58
humidity-sensor-2,1745291364.0044527,57.49
humidity-sensor-3,1745291364.055219,84.31
humidity-sensor-4,1745291364.1063056,64.34
humidity-sensor-5,1745291364.1568222,78.3
humidity-sensor-6,1745291364.2073774,46.84
humidity-sensor-7,1745291364.258439,58.27
humidity-sensor-8,1745291364.309038,47.56
humidity-sensor-9,1745291364.35992,39.92
humidity-sensor-0,1745291364.4104965,58.77
humidity-sensor-1,1745291364.4610066,61.62
humidity-sensor-2,1745291364.5120022,88.71
humidity-sensor-3,1745291364.562612,89.67
humidity-sensor-4,1745291364.613387,48.77
humidity-sensor-5,1745291364.6643596,48.64
humidity-sensor-6,1745291364.7154632,46.35
humidity-sensor-7,1745291364.766847,66.7
humidity-sensor-8,1745291364.817889,73.1
humidity-sensor-9,1745291364.8686316,42.23
humidity-sensor-0,1745291364.9196918,40.78
humidity-sensor-1,1745291364.9702287,84.97
humidity-sensor-2,1745291365.0212598,56.59
humidity-sensor-3,1745291365.0718312,84.48
humidity-sensor-4,1745291365.1229188,58.97
humidity-sensor-5,1745291365.1737778,75.94
humidity-sensor-6,1745291365.224712,32.46
humidity-sensor-7,1745291365.2758744,41.78
humidity-sensor-8,1745291365.3268173,31.13
humidity-sensor-9,1745291365.3775687,32.28
humidity-sensor-0,1745291365.4286702,64.71
humidity-sensor-1,1745291365.4794672,35.26
humidity-sensor-2,1745291365.5301692,41.62
humidity-sensor-3,1745291365.5812774,55.88
humidity-sensor-4,1745291365.632271,78.81
humidity-sensor-5,1745291365.6834466,74.22
humidity-sensor-6,1745291365.7344527,89.61
humidity-sensor-7,1745291365.7855008,54.46
humidity-sensor-8,1745291365.83618,87.79
humidity-sensor-9,1745291365.8868968,42.13
humidity-sensor-0,1745291365.9376237,46.56
humidity-sensor-1,1745291365.9887173,75.81
humidity-sensor-2,1745291366.0397866,74.32
humidity-sensor-3,1745291366.090588,31.31
humidity-sensor-4,1745291366.1415458,73.03
humidity-sensor-5,1745291366.1928117,55.3
humidity-sensor-6,1745291366.2437918,35.92
humidity-sensor-7,1745291366.2942998,59.14
humidity-sensor-8,1745291366.3453937,70.17
humidity-sensor-9,1745291366.3961332,37.21
humidity-sensor-0,1745291366.4469342,80.16
humidity-sensor-1,1745291366.4977913,82.44
humidity-sensor-2,1745291366.5487242,78.06
humidity-sensor-3,1745291366.599713,31.1
humidity-sensor-4,1745291366.6503448,65.32
humidity-sensor-5,1745291366.7009623,55.42
humidity-sensor-6,1745291366.7518623,74.12
humidity-sensor-7,1745291366.8029046,38.47
humidity-sensor-8,1745291366.853808,77.64
humidity-sensor-9,1745291366.9048138,76.61
humidity-sensor-7,1746412106.079376,56.25
humidity-sensor-8,1746412107.0802104,64.74
humidity-sensor-2,1746412111.08369,55.22
humidity-sensor-3,1746412112.084738,43.55
humidity-sensor-4,1746412113.0853562,36.39
humidity-sensor-5,1746412114.0860171,52.0
humidity-sensor-7,1746412116.0879252,87.15
humidity-sensor-8,1746412117.0885413,34.9
humidity-sensor-0,1746412119.0902965,70.98
humidity-sensor-1,1746412120.0913541,50.0
humidity-sensor-4,1746412123.0942771,77.24
humidity-sensor-8,1746412127.0979228,44.28
humidity-sensor-9,1746412128.0986276,80.74
humidity-sensor-8,1746412137.1059015,63.69
humidity-sensor-9,1746412138.1068838,47.14
humidity-sensor-1,1746412140.1088521,71.42
humidity-sensor-2,1746412141.1100905,67.83
humidity-sensor-3,1746412142.110952,43.7
humidity-sensor-4,1746412143.1119199,53.99
humidity-sensor-2,1746412151.1186898,51.36
humidity-sensor-6,1746412155.1232934,68.69
humidity-sensor-8,1746412157.1254022,33.7
humidity-sensor-2,1746412161.128146,83.26
humidity-sensor-8,1746412177.1423738,61.23
humidity-sensor-4,1746412183.1473548,66.64
humidity-sensor-9,1746412188.151526,67.92
humidity-sensor-1,1746412190.153087,83.55
humidity-sensor-3,1746412192.154763,59.5
humidity-sensor-5,1746412194.1568065,60.52
humidity-sensor-7,1746412196.1588547,56.31
humidity-sensor-8,1746412197.1595442,84.16
vibration-sensor-5,1746412104.1208346,1.83
vibration-sensor-6,1746412105.1214848,4.11
vibration-sensor-7,1746412106.1223633,5.0
vibration-sensor-9,1746412108.1239758,2.55
vibration-sensor-1,1746412110.125691,1.06
vibration-sensor-1,1746412120.1367965,3.11
vibration-sensor-3,1746412122.1385043,1.93
vibration-sensor-7,1746412126.1417696,0.19
vibration-sensor-0,1746412129.1441891,0.91
vibration-sensor-1,1746412130.1454165,4.49
vibration-sensor-3,1746412132.1475012,3.07
vibration-sensor-5,1746412134.1494894,0.21
vibration-sensor-2,1746412141.155263,1.22
vibration-sensor-3,1746412142.156042,4.07
vibration-sensor-4,1746412143.1566856,2.91
vibration-sensor-8,1746412147.1604602,1.0
vibration-sensor-9,1746412148.161761,0.8
vibration-sensor-1,1746412150.1646638,2.6
vibration-sensor-8,1746412157.1710064,2.84
vibration-sensor-2,1746412161.17401,1.34
vibration-sensor-5,1746412164.1766949,2.81
vibration-sensor-0,1746412169.1820905,4.01
vibration-sensor-3,1746412172.1844628,1.65
vibration-sensor-2,1746412181.191088,4.89
vibration-sensor-8,1746412187.1968768,3.27
vibration-sensor-4,1746412193.2024436,4.94
vibration-sensor-7,1746412196.2045822,4.21
vibration-sensor-8,1746412197.2052732,3.86
temp-sensor-4,1746412103.0910285,30.74
temp-sensor-5,1746412104.0916975,20.94
temp-sensor-9,1746412108.0946703,35.62
temp-sensor-0,1746412109.0957682,22.93
temp-sensor-1,1746412110.0967796,20.43
temp-sensor-3,1746412112.0981817,38.63
temp-sensor-6,1746412115.101035,32.59
temp-sensor-0,1746412119.104368,26.2
temp-sensor-3,1746412122.1073658,31.8
temp-sensor-4,1746412123.1083689,34.77
temp-sensor-5,1746412124.109328,36.18
temp-sensor-7,1746412126.111048,31.78
temp-sensor-9,1746412128.112514,26.04
temp-sensor-0,1746412129.1130378,36.21
temp-sensor-3,1746412132.1155648,24.47
temp-sensor-4,1746412133.1162558,35.51
temp-sensor-6,1746412135.1181402,31.86
temp-sensor-0,1746412139.1215806,27.08
temp-sensor-0,1746412149.1303763,33.9
temp-sensor-9,1746412158.1377296,24.47
temp-sensor-2,1746412161.1401083,20.39
temp-sensor-3,1746412162.141078,26.07
temp-sensor-5,1746412164.1430035,23.51
temp-sensor-6,1746412165.1438448,31.64
temp-sensor-7,1746412166.144455,22.69
temp-sensor-9,1746412168.1460087,21.5
temp-sensor-0,1746412169.146747,37.0
temp-sensor-2,1746412171.1482182,29.71
temp-sensor-3,1746412172.1492348,36.26
temp-sensor-4,1746412173.149855,22.38
temp-sensor-7,1746412176.1520925,24.56
temp-sensor-8,1746412177.1529918,24.15
temp-sensor-4,1746412183.1580324,29.2
temp-sensor-1,1746412190.1640472,39.28
temp-sensor-2,1746412191.164822,27.12
temp-sensor-3,1746412192.1655746,31.42
temp-sensor-5,1746412194.1673477,36.56
temp-sensor-7,1746412196.1691687,33.1
temp-sensor-9,1746412198.1711547,33.67
humidity-sensor-0,1746412098.9609754,64.11
humidity-sensor-1,1746412100.0746894,43.38
humidity-sensor-2,1746412101.075754,46.28
humidity-sensor-3,1746412102.076573,66.51
humidity-sensor-4,1746412103.0773191,35.26
humidity-sensor-5,1746412104.0779834,56.25
humidity-sensor-6,1746412115.0869799,50.55
humidity-sensor-3,1746412122.0932033,35.83
humidity-sensor-7,1746412126.0972106,80.02
humidity-sensor-0,1746412129.0993192,58.48
humidity-sensor-1,1746412130.1000974,56.17
humidity-sensor-4,1746412133.102317,42.34
humidity-sensor-6,1746412135.104057,42.8
humidity-sensor-5,1746412144.1126945,36.42
humidity-sensor-6,1746412145.1138299,33.03
humidity-sensor-8,1746412147.1155553,39.7
humidity-sensor-3,1746412152.1201515,67.94
humidity-sensor-9,1746412158.1260543,43.09
humidity-sensor-1,1746412160.1273854,30.77
humidity-sensor-3,1746412162.128896,39.48
humidity-sensor-4,1746412163.1298714,50.12
humidity-sensor-8,1746412167.1337528,84.56
humidity-sensor-9,1746412168.134551,48.62
humidity-sensor-0,1746412169.1351926,57.83
humidity-sensor-1,1746412170.1361494,47.97
humidity-sensor-3,1746412172.1375415,50.74
humidity-sensor-4,1746412173.1382394,32.61
humidity-sensor-5,1746412174.1388597,76.32
humidity-sensor-6,1746412175.1398811,46.34
humidity-sensor-0,1746412179.1440613,68.13
humidity-sensor-1,1746412180.1448295,65.5
humidity-sensor-3,1746412182.1464577,38.39
humidity-sensor-5,1746412184.1482089,71.6
humidity-sensor-6,1746412185.1488445,56.45
humidity-sensor-7,1746412186.1496289,71.15
humidity-sensor-8,1746412187.1506119,36.83
humidity-sensor-6,1746412195.1576204,85.74
humidity-sensor-9,1746412198.1603272,76.13
vibration-sensor-0,1746412098.9854243,2.47
vibration-sensor-4,1746412103.1196787,4.66
vibration-sensor-0,1746412109.1249282,0.7
vibration-sensor-4,1746412113.128772,4.15
vibration-sensor-6,1746412115.1312504,0.69
vibration-sensor-7,1746412116.131839,0.23
vibration-sensor-9,1746412118.1338372,2.24
vibration-sensor-0,1746412119.1350882,2.63
vibration-sensor-4,1746412123.1393547,1.21
vibration-sensor-5,1746412124.1403031,2.79
vibration-sensor-8,1746412127.142663,1.94
vibration-sensor-8,1746412137.151899,3.18
vibration-sensor-0,1746412139.153854,1.79
vibration-sensor-1,1746412140.1544924,4.5
vibration-sensor-5,1746412144.1576512,3.09
vibration-sensor-7,1746412146.1594746,2.31
vibration-sensor-3,1746412152.1663408,2.18
vibration-sensor-5,1746412154.1683202,0.17
vibration-sensor-4,1746412163.175968,0.43
vibration-sensor-6,1746412165.1776476,2.58
vibration-sensor-7,1746412166.1789212,0.72
vibration-sensor-8,1746412167.1798542,4.69
vibration-sensor-1,1746412170.1828516,4.57
vibration-sensor-2,1746412171.1835647,1.45
vibration-sensor-4,1746412173.185127,1.45
vibration-sensor-5,1746412174.1860301,3.1
vibration-sensor-6,1746412175.1869051,2.26
vibration-sensor-7,1746412176.1873925,3.89
vibration-sensor-8,1746412177.1881428,2.9
vibration-sensor-0,1746412179.1894784,0.69
vibration-sensor-3,1746412182.1919253,2.78
vibration-sensor-5,1746412184.1935024,0.55
vibration-sensor-7,1746412186.1959808,1.17
vibration-sensor-9,1746412188.1977284,4.27
vibration-sensor-2,1746412191.200652,4.03
vibration-sensor-6,1746412195.2040067,3.7
vibration-sensor-9,1746412198.2065516,4.79
temp-sensor-3,1746412102.09021,28.55
temp-sensor-2,1746412111.0974624,37.53
temp-sensor-4,1746412113.0989132,28.4
temp-sensor-5,1746412114.1002011,20.6
temp-sensor-7,1746412116.1017106,31.97
temp-sensor-9,1746412118.1034782,35.11
temp-sensor-1,1746412120.1058583,28.41
temp-sensor-6,1746412125.110077,32.02
temp-sensor-8,1746412127.1117594,28.23
temp-sensor-5,1746412134.1174858,22.8
temp-sensor-7,1746412136.1190886,23.7
temp-sensor-8,1746412137.1199033,32.77
temp-sensor-9,1746412138.1208842,26.21
temp-sensor-1,1746412140.122387,22.06
temp-sensor-2,1746412141.1232853,26.48
temp-sensor-4,1746412143.1252913,20.32
temp-sensor-7,1746412146.1274729,37.56
temp-sensor-8,1746412147.1285381,37.15
temp-sensor-1,1746412150.1310275,36.36
temp-sensor-6,1746412155.1353743,28.86
temp-sensor-7,1746412156.1363585,31.72
temp-sensor-0,1746412159.138473,27.21
temp-sensor-4,1746412163.1418,26.89
temp-sensor-1,1746412170.1476543,22.63
temp-sensor-5,1746412174.150533,20.48
temp-sensor-6,1746412175.1513844,39.4
temp-sensor-9,1746412178.153703,24.83
temp-sensor-2,1746412181.1562042,34.2
temp-sensor-6,1746412185.1598277,35.41
humidity-sensor-6,1746412105.0787008,85.31
humidity-sensor-9,1746412108.0808856,31.16
humidity-sensor-0,1746412109.0817282,61.38
humidity-sensor-1,1746412110.0828443,33.81
humidity-sensor-9,1746412118.0893748,37.06
humidity-sensor-2,1746412121.0923529,65.97
humidity-sensor-5,1746412124.0950296,66.46
humidity-sensor-6,1746412125.0961285,74.09
humidity-sensor-2,1746412131.1010494,57.35
humidity-sensor-3,1746412132.1015627,45.2
humidity-sensor-5,1746412134.103229,35.49
humidity-sensor-7,1746412136.1050563,38.48
humidity-sensor-0,1746412139.107602,42.13
humidity-sensor-7,1746412146.11463,87.09
humidity-sensor-9,1746412148.1161318,78.64
humidity-sensor-0,1746412149.11668,30.46
humidity-sensor-1,1746412150.1176205,79.6
humidity-sensor-4,1746412153.1212118,30.69
humidity-sensor-5,1746412154.1222477,73.78
humidity-sensor-7,1746412156.1241307,40.3
humidity-sensor-0,1746412159.1267123,86.87
humidity-sensor-5,1746412164.1310172,48.12
humidity-sensor-6,1746412165.131797,33.87
humidity-sensor-7,1746412166.1329257,59.35
humidity-sensor-2,1746412171.1366646,64.48
humidity-sensor-7,1746412176.140718,71.15
humidity-sensor-9,1746412178.143438,79.44
humidity-sensor-2,1746412181.1457403,67.81
humidity-sensor-0,1746412189.1524434,82.19
humidity-sensor-2,1746412191.1540704,62.17
humidity-sensor-4,1746412193.1557558,60.48
vibration-sensor-1,1746412100.1169162,0.16
vibration-sensor-2,1746412101.1180193,1.0
vibration-sensor-3,1746412102.1185803,4.37
vibration-sensor-8,1746412107.1230767,1.99
vibration-sensor-2,1746412111.1270657,3.11
vibration-sensor-3,1746412112.1279783,1.92
vibration-sensor-5,1746412114.1297002,0.44
vibration-sensor-8,1746412117.132826,4.86
vibration-sensor-2,1746412121.1375237,1.88
vibration-sensor-6,1746412125.1410224,2.65
vibration-sensor-9,1746412128.1434731,3.02
vibration-sensor-2,1746412131.1464844,1.53
vibration-sensor-4,1746412133.148485,0.93
vibration-sensor-6,1746412135.1501453,0.68
vibration-sensor-7,1746412136.151005,1.58
vibration-sensor-9,1746412138.1528764,4.79
vibration-sensor-6,1746412145.1586723,4.36
vibration-sensor-0,1746412149.1632388,2.43
vibration-sensor-2,1746412151.1654716,2.35
vibration-sensor-4,1746412153.1671646,1.53
vibration-sensor-6,1746412155.1692178,1.72
vibration-sensor-7,1746412156.1700375,4.81
vibration-sensor-9,1746412158.1717572,1.53
vibration-sensor-0,1746412159.1724827,2.16
vibration-sensor-1,1746412160.1734009,4.91
vibration-sensor-3,1746412162.1749349,1.1
vibration-sensor-9,1746412168.1810431,2.99
vibration-sensor-9,1746412178.1887727,4.69
vibration-sensor-1,1746412180.1903698,0.92
vibration-sensor-4,1746412183.1928744,3.73
vibration-sensor-6,1746412185.1943686,2.55
vibration-sensor-0,1746412189.1985,1.93
vibration-sensor-1,1746412190.1995637,0.34
vibration-sensor-3,1746412192.201479,0.81
vibration-sensor-5,1746412194.2031965,0.48
temp-sensor-0,1746412098.9699667,20.72
temp-sensor-1,1746412100.0886018,20.51
temp-sensor-2,1746412101.0894718,34.53
temp-sensor-6,1746412105.0921886,37.29
temp-sensor-7,1746412106.0930212,30.2
temp-sensor-8,1746412107.0937018,39.7
temp-sensor-8,1746412117.1026218,37.64
temp-sensor-2,1746412121.1064034,30.96
temp-sensor-1,1746412130.114146,21.59
temp-sensor-2,1746412131.1147811,27.83
temp-sensor-3,1746412142.1242578,26.36
temp-sensor-5,1746412144.1258147,20.45
temp-sensor-6,1746412145.1267748,29.32
temp-sensor-9,1746412148.129455,31.44
temp-sensor-2,1746412151.1317952,38.88
temp-sensor-3,1746412152.1328387,35.79
temp-sensor-4,1746412153.1336277,29.19
temp-sensor-5,1746412154.1343312,39.06
temp-sensor-8,1746412157.137106,38.04
temp-sensor-1,1746412160.139378,36.21
temp-sensor-8,1746412167.1453133,21.26
temp-sensor-0,1746412179.1543086,36.38
temp-sensor-1,1746412180.1553853,37.05
temp-sensor-3,1746412182.157227,28.85
temp-sensor-5,1746412184.1589909,37.51
temp-sensor-7,1746412186.1605284,39.87
temp-sensor-8,1746412187.1616123,29.13
temp-sensor-9,1746412188.1623912,20.07
temp-sensor-0,1746412189.1634152,31.22
temp-sensor-4,1746412193.1664891,34.3
temp-sensor-6,1746412195.1685667,36.41
temp-sensor-8,1746412197.170252,30.81
temp-sensor-0,1746412817.919154,32.14
humidity-sensor-0,1746412817.9264846,34.18
vibration-sensor-0,1746412817.939004,1.07
temp-sensor-1,1746412819.0280805,25.3
humidity-sensor-1,1746412819.0420802,71.79
vibration-sensor-1,1746412819.0584438,1.0
temp-sensor-2,1746412820.0288587,33.31
humidity-sensor-2,1746412820.0430365,84.11
vibration-sensor-2,1746412820.0597587,4.28
temp-sensor-3,1746412821.0297852,31.92
humidity-sensor-3,1746412821.0435774,57.13
vibration-sensor-3,1746412821.0606544,1.98
temp-sensor-4,1746412822.030645,22.93
humidity-sensor-4,1746412822.0441873,52.98
vibration-sensor-4,1746412822.0614462,0.54
temp-sensor-5,1746412823.0311983,27.87
humidity-sensor-5,1746412823.0447662,57.45
vibration-sensor-5,1746412823.062543,0.12
temp-sensor-6,1746412824.0316772,32.18
humidity-sensor-6,1746412824.0451534,52.24
vibration-sensor-6,1746412824.06339,2.06
temp-sensor-7,1746412825.0324361,35.9
humidity-sensor-7,1746412825.045664,87.72
vibration-sensor-7,1746412825.0640302,0.84
temp-sensor-8,1746412826.0329585,29.79
humidity-sensor-8,1746412826.0463977,65.75
vibration-sensor-8,1746412826.0651002,4.48
temp-sensor-9,1746412827.0336037,36.36
humidity-sensor-9,1746412827.0477655,73.87
vibration-sensor-9,1746412827.0666096,1.21
temp-sensor-0,1746412828.0345814,21.55
humidity-sensor-0,1746412828.0490642,55.98
vibration-sensor-0,1746412828.0678656,2.25
temp-sensor-1,1746412829.0353823,20.21
humidity-sensor-1,1746412829.050149,67.97
vibration-sensor-1,1746412829.068767,3.33
temp-sensor-2,1746412830.036587,26.95
humidity-sensor-2,1746412830.0511487,69.62
vibration-sensor-2,1746412830.0694563,2.58
temp-sensor-3,1746412831.0374336,29.94
humidity-sensor-3,1746412831.0517032,88.55
vibration-sensor-3,1746412831.0703201,0.34
temp-sensor-4,1746412832.038443,21.51
humidity-sensor-4,1746412832.0524316,64.54
vibration-sensor-4,1746412832.0711603,2.14
temp-sensor-5,1746412833.039079,22.28
humidity-sensor-5,1746412833.053099,73.05
vibration-sensor-5,1746412833.0721252,3.42
temp-sensor-6,1746412834.039703,21.65
humidity-sensor-6,1746412834.0542378,88.56
vibration-sensor-6,1746412834.0727115,2.43
temp-sensor-7,1746412835.0408063,39.34
humidity-sensor-7,1746412835.055523,64.85
vibration-sensor-7,1746412835.0738118,2.02
temp-sensor-8,1746412836.0421271,24.3
humidity-sensor-8,1746412836.0562768,73.2
vibration-sensor-8,1746412836.0743847,4.8
temp-sensor-9,1746412837.0429697,32.66
humidity-sensor-9,1746412837.0572488,48.26
vibration-sensor-9,1746412837.075217,4.7
temp-sensor-0,1746412838.0437126,36.85
humidity-sensor-0,1746412838.0582025,86.9
vibration-sensor-0,1746412838.0765004,2.77
temp-sensor-1,1746412839.0447667,24.91
humidity-sensor-1,1746412839.0590503,83.7
vibration-sensor-1,1746412839.077325,2.38
temp-sensor-2,1746412840.0459733,23.31
humidity-sensor-2,1746412840.0599725,44.53
vibration-sensor-2,1746412840.0781655,3.39
temp-sensor-3,1746412841.0467253,21.35
humidity-sensor-3,1746412841.0608833,40.77
vibration-sensor-3,1746412841.0791197,4.75
temp-sensor-4,1746412842.0473936,29.87
humidity-sensor-4,1746412842.0618181,45.17
vibration-sensor-4,1746412842.0797732,3.18
temp-sensor-5,1746412843.0483623,38.03
humidity-sensor-5,1746412843.06244,87.18
vibration-sensor-5,1746412843.0805478,3.67
temp-sensor-6,1746412844.049132,22.61
humidity-sensor-6,1746412844.0635278,44.09
vibration-sensor-6,1746412844.0814924,3.03
temp-sensor-7,1746412845.0500464,36.49
humidity-sensor-7,1746412845.065206,50.21
vibration-sensor-7,1746412845.0823693,2.38
temp-sensor-8,1746412846.051223,39.18
humidity-sensor-8,1746412846.06572,53.26
vibration-sensor-8,1746412846.0832126,3.0
temp-sensor-9,1746412847.0521827,36.67
humidity-sensor-9,1746412847.0664065,76.57
vibration-sensor-9,1746412847.084026,4.83
temp-sensor-0,1746412848.0534797,26.96
humidity-sensor-0,1746412848.0672,58.18
vibration-sensor-0,1746412848.0850685,4.87
temp-sensor-1,1746412849.0543425,24.18
humidity-sensor-1,1746412849.068625,84.01
vibration-sensor-1,1746412849.0862362,3.69
temp-sensor-2,1746412850.0553198,28.38
humidity-sensor-2,1746412850.0695798,52.31
vibration-sensor-2,1746412850.0875108,2.5
temp-sensor-3,1746412851.056317,34.22
humidity-sensor-3,1746412851.0702639,33.86
vibration-sensor-3,1746412851.0883267,3.69
temp-sensor-4,1746412852.057267,21.71
humidity-sensor-4,1746412852.0713577,35.23
vibration-sensor-4,1746412852.088898,3.03
temp-sensor-5,1746412853.0582197,20.16
humidity-sensor-5,1746412853.0723658,34.47
vibration-sensor-5,1746412853.0894341,0.81
temp-sensor-6,1746412854.059159,38.72
humidity-sensor-6,1746412854.0731058,50.89
vibration-sensor-6,1746412854.0901835,2.03
temp-sensor-7,1746412855.0598085,31.34
humidity-sensor-7,1746412855.074295,46.14
vibration-sensor-7,1746412855.0913239,1.48
temp-sensor-8,1746412856.0606468,28.63
humidity-sensor-8,1746412856.0754268,41.08
vibration-sensor-8,1746412856.092314,0.14
temp-sensor-9,1746412857.061418,37.14
humidity-sensor-9,1746412857.0761404,30.85
vibration-sensor-9,1746412857.0931726,3.59
temp-sensor-0,1746412858.0622468,20.4
humidity-sensor-0,1746412858.0771582,66.89
vibration-sensor-0,1746412858.0937507,1.38
temp-sensor-1,1746412859.0631373,30.74
humidity-sensor-1,1746412859.0780892,80.4
vibration-sensor-1,1746412859.0945325,1.74
temp-sensor-2,1746412860.064074,29.66
humidity-sensor-2,1746412860.0788229,37.67
vibration-sensor-2,1746412860.0953734,3.42
temp-sensor-3,1746412861.0647,26.59
humidity-sensor-3,1746412861.079828,80.52
vibration-sensor-3,1746412861.0959165,4.05
temp-sensor-4,1746412862.0657926,39.26
humidity-sensor-4,1746412862.0806658,86.72
vibration-sensor-4,1746412862.096715,4.18
temp-sensor-5,1746412863.066888,36.39
humidity-sensor-5,1746412863.0812318,42.62
vibration-sensor-5,1746412863.097285,4.52
temp-sensor-6,1746412864.0675623,22.54
humidity-sensor-6,1746412864.0821457,50.4
vibration-sensor-6,1746412864.0981004,2.3
temp-sensor-7,1746412865.068335,22.92
humidity-sensor-7,1746412865.0828824,30.99
vibration-sensor-7,1746412865.0989249,4.74
temp-sensor-8,1746412866.0693643,31.31
humidity-sensor-8,1746412866.0835652,50.78
vibration-sensor-8,1746412866.0997014,2.43
temp-sensor-9,1746412867.070357,27.81
humidity-sensor-9,1746412867.0843902,77.28
vibration-sensor-9,1746412867.100431,0.35
temp-sensor-0,1746412868.0710974,20.8
humidity-sensor-0,1746412868.085141,88.66
vibration-sensor-0,1746412868.1009889,3.78
temp-sensor-1,1746412869.0717258,39.54
humidity-sensor-1,1746412869.0858335,88.65
vibration-sensor-1,1746412869.1016393,2.87
temp-sensor-2,1746412870.0726335,32.44
humidity-sensor-2,1746412870.0867586,30.87
vibration-sensor-2,1746412870.1023424,3.88
temp-sensor-3,1746412871.0735202,28.31
humidity-sensor-3,1746412871.0874183,42.84
vibration-sensor-3,1746412871.1034827,3.44
temp-sensor-4,1746412872.0743504,34.5
humidity-sensor-4,1746412872.088259,31.68
vibration-sensor-4,1746412872.1043043,3.78
temp-sensor-5,1746412873.0751047,31.86
humidity-sensor-5,1746412873.088798,62.44
vibration-sensor-5,1746412873.1052828,1.1
temp-sensor-6,1746412874.0761738,24.74
humidity-sensor-6,1746412874.0896776,69.66
vibration-sensor-6,1746412874.1061046,1.24
temp-sensor-7,1746412875.0771868,21.17
humidity-sensor-7,1746412875.0902593,41.8
vibration-sensor-7,1746412875.1073437,3.32
temp-sensor-8,1746412876.077796,30.96
humidity-sensor-8,1746412876.0913517,57.05
vibration-sensor-8,1746412876.1080215,0.52
temp-sensor-9,1746412877.0785372,34.51
humidity-sensor-9,1746412877.0923686,34.11
vibration-sensor-9,1746412877.1089249,3.19
temp-sensor-0,1746412878.0792089,34.72
humidity-sensor-0,1746412878.093266,52.14
vibration-sensor-0,1746412878.1101449,4.86
temp-sensor-1,1746412879.0805202,20.66
humidity-sensor-1,1746412879.0943587,32.38
vibration-sensor-1,1746412879.111212,3.13
temp-sensor-2,1746412880.0811732,28.6
humidity-sensor-2,1746412880.0953958,39.02
vibration-sensor-2,1746412880.1118479,3.8
temp-sensor-3,1746412881.0821898,33.93
humidity-sensor-3,1746412881.0961208,72.49
vibration-sensor-3,1746412881.1128337,1.31
temp-sensor-4,1746412882.0829363,27.04
humidity-sensor-4,1746412882.0970626,43.83
vibration-sensor-4,1746412882.1137848,0.98
temp-sensor-5,1746412883.0838377,33.86
humidity-sensor-5,1746412883.0977511,66.65
vibration-sensor-5,1746412883.1147926,0.1
temp-sensor-6,1746412884.085179,31.36
humidity-sensor-6,1746412884.0983076,35.88
vibration-sensor-6,1746412884.1153696,3.98
temp-sensor-7,1746412885.086227,25.08
vibration-sensor-7,1746412885.1163366,3.91
humidity-sensor-7,1746412885.0991094,76.94
temp-sensor-8,1746412886.0870678,31.69
humidity-sensor-8,1746412886.0998871,40.19
vibration-sensor-8,1746412886.1173644,2.83
temp-sensor-9,1746412887.0880282,25.79
humidity-sensor-9,1746412887.1006963,34.46
vibration-sensor-9,1746412887.1179235,4.49
temp-sensor-0,1746412888.0889585,24.14
humidity-sensor-0,1746412888.1017613,66.73
vibration-sensor-0,1746412888.1188505,1.07
temp-sensor-1,1746412889.0898163,33.83
humidity-sensor-1,1746412889.102851,38.1
vibration-sensor-1,1746412889.1194987,0.29
temp-sensor-2,1746412890.0907583,24.16
humidity-sensor-2,1746412890.1035264,87.98
vibration-sensor-2,1746412890.120551,4.4
temp-sensor-3,1746412891.0920198,27.71
humidity-sensor-3,1746412891.1043973,87.49
vibration-sensor-3,1746412891.1214294,3.23
temp-sensor-4,1746412892.0928676,31.23
humidity-sensor-4,1746412892.104903,59.62
vibration-sensor-4,1746412892.1220996,1.88
temp-sensor-5,1746412893.0939035,39.49
humidity-sensor-5,1746412893.1055431,72.67
vibration-sensor-5,1746412893.12278,4.91
temp-sensor-6,1746412894.0948894,22.27
humidity-sensor-6,1746412894.1065583,66.43
vibration-sensor-6,1746412894.1235228,2.89
temp-sensor-7,1746412895.0956097,26.68
humidity-sensor-7,1746412895.1070845,74.34
vibration-sensor-7,1746412895.1243112,4.38
temp-sensor-8,1746412896.0964537,36.38
humidity-sensor-8,1746412896.1081781,61.18
vibration-sensor-8,1746412896.1253877,4.6
temp-sensor-9,1746412897.0971458,35.48
humidity-sensor-9,1746412897.10874,78.77
vibration-sensor-9,1746412897.12642,4.58
temp-sensor-0,1746412898.0981796,33.98
humidity-sensor-0,1746412898.1093621,39.61
vibration-sensor-0,1746412898.1276345,0.23
temp-sensor-1,1746412899.0989418,34.17
humidity-sensor-1,1746412899.110283,85.74
vibration-sensor-1,1746412899.1284387,0.47
temp-sensor-2,1746412900.0995781,36.54
humidity-sensor-2,1746412900.1112316,64.14
vibration-sensor-2,1746412900.1290965,2.82
temp-sensor-3,1746412901.1005447,23.1
humidity-sensor-3,1746412901.1120203,65.54
vibration-sensor-3,1746412901.1302156,3.25
temp-sensor-4,1746412902.1014915,34.04
humidity-sensor-4,1746412902.1128397,76.0
vibration-sensor-4,1746412902.1311593,2.58
temp-sensor-5,1746412903.1022074,33.2
humidity-sensor-5,1746412903.1137896,88.46
vibration-sensor-5,1746412903.1318505,0.5
temp-sensor-6,1746412904.1030493,22.04
humidity-sensor-6,1746412904.1146996,40.75
vibration-sensor-6,1746412904.1328666,4.01
temp-sensor-7,1746412905.1039515,23.48
humidity-sensor-7,1746412905.1155388,60.88
vibration-sensor-7,1746412905.1338258,4.96
temp-sensor-8,1746412906.104848,37.73
humidity-sensor-8,1746412906.1163628,68.15
vibration-sensor-8,1746412906.1347318,4.59
temp-sensor-9,1746412907.1054068,25.44
humidity-sensor-9,1746412907.1170073,55.0
vibration-sensor-9,1746412907.135569,2.83
temp-sensor-0,1746412908.1062565,31.94
humidity-sensor-0,1746412908.1178622,71.56
vibration-sensor-0,1746412908.1364703,1.33
temp-sensor-1,1746412909.1071115,32.57
humidity-sensor-1,1746412909.1183448,44.59
vibration-sensor-1,1746412909.1374547,4.04
temp-sensor-2,1746412910.1080005,27.03
humidity-sensor-2,1746412910.119331,84.83
vibration-sensor-2,1746412910.138305,4.97
temp-sensor-3,1746412911.1089797,26.81
humidity-sensor-3,1746412911.1198,43.07
vibration-sensor-3,1746412911.139244,1.52
temp-sensor-4,1746412912.1098247,24.83
humidity-sensor-4,1746412912.120325,45.38
vibration-sensor-4,1746412912.1399336,4.38
temp-sensor-5,1746412913.1105545,33.35
humidity-sensor-5,1746412913.1210551,36.71
vibration-sensor-5,1746412913.140605,3.0
temp-sensor-6,1746412914.1116529,25.23
humidity-sensor-6,1746412914.1217756,77.09
vibration-sensor-6,1746412914.1412828,4.98
temp-sensor-7,1746412915.1125584,32.22
humidity-sensor-7,1746412915.1222887,36.04
vibration-sensor-7,1746412915.142052,0.4
temp-sensor-8,1746412916.113099,21.35
humidity-sensor-8,1746412916.1234298,56.5
vibration-sensor-8,1746412916.142645,3.82
temp-sensor-9,1746412917.1138995,26.17
humidity-sensor-9,1746412917.1241803,34.61
vibration-sensor-9,1746412917.1434357,2.21
vibration-sensor-0,1746412938.8115711,3.93
temp-sensor-0,1746412938.8400064,25.91
humidity-sensor-0,1746412938.856455,62.24
vibration-sensor-1,1746412939.9230876,1.83
temp-sensor-1,1746412939.953912,23.95
humidity-sensor-1,1746412939.9692872,50.82
vibration-sensor-2,1746412940.923916,1.21
temp-sensor-2,1746412940.9548433,32.34
humidity-sensor-2,1746412940.9699867,47.9
vibration-sensor-3,1746412941.9247558,3.73
temp-sensor-3,1746412941.9556363,21.66
humidity-sensor-3,1746412941.970905,76.26
vibration-sensor-4,1746412942.9254816,4.88
temp-sensor-4,1746412942.956447,24.3
humidity-sensor-4,1746412942.971557,77.56
vibration-sensor-5,1746412943.9264257,2.25
temp-sensor-5,1746412943.957096,31.52
humidity-sensor-5,1746412943.97258,83.99
vibration-sensor-6,1746412944.9270594,2.5
temp-sensor-6,1746412944.9576082,23.11
humidity-sensor-6,1746412944.9735074,75.18
vibration-sensor-7,1746412945.928239,4.13
temp-sensor-7,1746412945.9584224,26.82
humidity-sensor-7,1746412945.9743357,77.47
vibration-sensor-8,1746412946.9293509,0.77
temp-sensor-8,1746412946.9591036,24.61
humidity-sensor-8,1746412946.975458,39.86
vibration-sensor-9,1746412947.9306798,0.31
temp-sensor-9,1746412947.9599454,30.54
humidity-sensor-9,1746412947.9762933,82.05
vibration-sensor-0,1746412948.931699,2.58
temp-sensor-0,1746412948.9611406,21.57
humidity-sensor-0,1746412948.9776046,32.63
vibration-sensor-1,1746412949.932391,1.32
temp-sensor-1,1746412949.9616814,26.34
humidity-sensor-1,1746412949.9784832,50.82
vibration-sensor-2,1746412950.9334993,0.62
temp-sensor-2,1746412950.9624763,21.37
humidity-sensor-2,1746412950.9793653,35.33
vibration-sensor-3,1746412951.9342144,3.38
temp-sensor-3,1746412951.9631193,37.42
humidity-sensor-3,1746412951.9804044,49.63
vibration-sensor-4,1746412952.9349322,3.85
temp-sensor-4,1746412952.964026,39.37
humidity-sensor-4,1746412952.981364,56.48
vibration-sensor-5,1746412953.9357805,0.21
temp-sensor-5,1746412953.9647698,27.69
humidity-sensor-5,1746412953.9821115,51.03
vibration-sensor-6,1746412954.9368124,0.13
temp-sensor-6,1746412954.9659412,32.05
humidity-sensor-6,1746412954.9829168,78.08
vibration-sensor-7,1746412955.9376209,3.38
temp-sensor-7,1746412955.9671626,22.67
humidity-sensor-7,1746412955.984184,52.26
vibration-sensor-8,1746412956.9387815,2.86
temp-sensor-8,1746412956.9682548,23.0
humidity-sensor-8,1746412956.9851322,72.86
vibration-sensor-9,1746412957.9396224,2.35
temp-sensor-9,1746412957.968919,39.73
humidity-sensor-9,1746412957.9860475,68.82
vibration-sensor-0,1746412958.9408016,4.07
temp-sensor-0,1746412958.9699008,33.0
humidity-sensor-0,1746412958.9873023,80.2
vibration-sensor-1,1746412959.9414506,4.23
temp-sensor-1,1746412959.9706686,28.19
humidity-sensor-1,1746412959.9879303,41.2
vibration-sensor-2,1746412960.9421039,1.31
temp-sensor-2,1746412960.9714363,36.74
humidity-sensor-2,1746412960.9886131,33.03
vibration-sensor-3,1746412961.9433348,2.81
temp-sensor-3,1746412961.9724667,36.63
humidity-sensor-3,1746412961.9892452,34.41
vibration-sensor-4,1746412962.9441624,4.33
temp-sensor-4,1746412962.9731953,23.66
humidity-sensor-4,1746412962.9898176,83.7
vibration-sensor-5,1746412963.944994,1.87
temp-sensor-5,1746412963.9741046,25.28
humidity-sensor-5,1746412963.9907472,43.17
vibration-sensor-6,1746412964.946219,3.32
temp-sensor-6,1746412964.974834,37.66
humidity-sensor-6,1746412964.9914303,74.2
vibration-sensor-7,1746412965.9473932,4.96
temp-sensor-7,1746412965.9755304,31.59
humidity-sensor-7,1746412965.9923837,49.55
vibration-sensor-8,1746412966.9483826,1.26
temp-sensor-8,1746412966.976351,26.23
humidity-sensor-8,1746412966.9933424,66.04
vibration-sensor-9,1746412967.949307,4.74
temp-sensor-9,1746412967.977004,24.46
humidity-sensor-9,1746412967.994109,39.47
vibration-sensor-0,1746412968.9503615,3.83
temp-sensor-0,1746412968.9777925,30.69
humidity-sensor-0,1746412968.9948351,75.74
vibration-sensor-1,1746412969.9515743,1.35
temp-sensor-1,1746412969.9785838,27.79
humidity-sensor-1,1746412969.9957764,59.21
vibration-sensor-2,1746412970.9525928,4.72
temp-sensor-2,1746412970.9795825,24.41
humidity-sensor-2,1746412970.996651,49.12
vibration-sensor-3,1746412971.9535277,0.89
temp-sensor-3,1746412971.9807262,28.85
humidity-sensor-3,1746412971.9977746,63.62
vibration-sensor-4,1746412972.9544604,2.51
temp-sensor-4,1746412972.981457,35.67
humidity-sensor-4,1746412972.9987652,53.24
vibration-sensor-5,1746412973.9556463,4.19
temp-sensor-5,1746412973.9821901,39.27
humidity-sensor-5,1746412973.9992712,40.28
vibration-sensor-6,1746412974.9563193,0.61
temp-sensor-6,1746412974.9828806,39.27
humidity-sensor-6,1746412974.9999382,73.44
vibration-sensor-7,1746412975.9571393,2.96
temp-sensor-7,1746412975.9845493,28.23
humidity-sensor-7,1746412976.0008435,49.2
vibration-sensor-8,1746412976.9577112,0.69
temp-sensor-8,1746412976.9851716,23.04
humidity-sensor-8,1746412977.002001,58.83
vibration-sensor-9,1746412977.9584656,4.86
temp-sensor-9,1746412977.9862843,22.86
humidity-sensor-9,1746412978.0032504,89.55
vibration-sensor-0,1746412978.9597192,0.92
temp-sensor-0,1746412978.987801,23.89
humidity-sensor-0,1746412979.0044594,31.59
vibration-sensor-1,1746412979.9605954,2.92
temp-sensor-1,1746412979.988377,30.65
humidity-sensor-1,1746412980.0054328,86.97
vibration-sensor-2,1746412980.9612675,2.2
temp-sensor-2,1746412980.9892774,34.51
humidity-sensor-2,1746412981.0062914,62.87
vibration-sensor-3,1746412981.9624386,3.02
temp-sensor-3,1746412981.9900844,26.15
humidity-sensor-3,1746412982.007082,82.64
vibration-sensor-4,1746412982.9637184,0.71
temp-sensor-4,1746412982.9906821,23.14
humidity-sensor-4,1746412983.0080154,69.95
vibration-sensor-5,1746412983.9647453,1.38
temp-sensor-5,1746412983.9912937,37.23
humidity-sensor-5,1746412984.00851,61.27
vibration-sensor-6,1746412984.9659503,4.79
temp-sensor-6,1746412984.9921777,29.27
humidity-sensor-6,1746412985.0090373,82.56
vibration-sensor-7,1746412985.9667819,4.18
temp-sensor-7,1746412985.9933896,20.86
humidity-sensor-7,1746412986.0095668,82.59
vibration-sensor-8,1746412986.9677448,0.93
temp-sensor-8,1746412986.9945204,37.75
humidity-sensor-8,1746412987.010699,64.98
vibration-sensor-9,1746412987.969196,3.3
temp-sensor-9,1746412987.9952803,21.84
humidity-sensor-9,1746412988.0117097,46.51
vibration-sensor-0,1746412988.9699829,2.09
temp-sensor-0,1746412988.996148,32.1
humidity-sensor-0,1746412989.0126693,80.28
vibration-sensor-1,1746412989.970897,2.49
temp-sensor-1,1746412989.996959,20.67
humidity-sensor-1,1746412990.0134518,35.78
vibration-sensor-2,1746412990.971814,2.63
temp-sensor-2,1746412990.9979734,27.42
humidity-sensor-2,1746412991.0145607,65.48
vibration-sensor-3,1746412991.9725187,2.39
temp-sensor-3,1746412991.9990304,38.04
humidity-sensor-3,1746412992.0154414,89.9
vibration-sensor-4,1746412992.9731102,0.89
temp-sensor-4,1746412993.0001385,25.55
humidity-sensor-4,1746412993.016305,60.66
vibration-sensor-5,1746412993.9736755,3.93
temp-sensor-5,1746412994.000936,23.35
humidity-sensor-5,1746412994.0168161,65.37
vibration-sensor-6,1746412994.9743173,0.89
temp-sensor-6,1746412995.0020015,31.92
humidity-sensor-6,1746412995.0175707,77.02
vibration-sensor-7,1746412995.975095,3.69
temp-sensor-7,1746412996.0031416,22.37
humidity-sensor-7,1746412996.0192919,75.6
vibration-sensor-8,1746412996.975606,1.14
temp-sensor-8,1746412997.0037563,20.1
humidity-sensor-8,1746412997.020712,81.94
